{"cameraMode":{"drawMode":0,"name":"Shaded","section":"Shading Mode"},"sceneLighting":true,"audioPlay":false,"sceneViewState":{"m_AlwaysRefresh":false,"showFog":true,"showSkybox":true,"showFlares":true,"showImageEffects":true,"showParticleSystems":true,"showVisualEffectGraphs":true,"m_FxEnabled":true},"in2DMode":false,"pivot":{"x":3.713620901107788,"y":-9.341451644897461,"z":12.002971649169922},"rotation":{"x":-0.3077986538410187,"y":-0.07212834060192108,"z":0.023407915607094766,"w":-0.9484367370605469},"size":11.668783187866211,"orthographic":false}